"Image","ItemName","Amount"
"Solo Stove Fire Pit.jpg","Solo Stove Fire Pit","1"
"Custom Fishing Rod-Reel Combo.jpg","Custom Fishing Rod/Reel Combo","1"
"Fishing Rod-Tackle Box Package.jpg","Fishing Rod/Tackle Box Package","1"
"Apple Air Pods Pro.jpg","Apple Air Pods Pro","1"
"Apple iWatch.jpg","Apple iWatch","1"
"Apple iPad with Stylus.jpg","Apple iPad with Stylus","1"
"Air Fryer Oven.jpg","Air Fryer Oven","1"
"Sonicare Toothbrush.jpg","Sonicare Toothbrush","1"
"Kendra Scott Bracelet and Earring set.jpg","Kendra Scott Bracelet and Earring set","1"
"Bose Sound Bar Speaker.jpg","Bose Sound Bar Speaker","1"
